,index,value
0,Annualised return,0.1960982074911944
1,Annualised volatility,0.17412879519270222
2,Sharpe ratio,1.1268385376463244
3,Sortino ratio,1.5978087030826655
4,Adjusted sortino,1.1298213689886356
5,Skew,-0.5161950055051664
6,Kurtosis,4.097890728422965
7,Max drawdown,-0.2394164074862304
8,GPR,0.2111724833990888
9,Calmar ratio,0.8275496848654802
10,Pay-off ratio,0.9686639657954264
