,index,value
0,Annualised return,0.3271386486565387
1,Annualised volatility,0.2814339608344645
2,Sharpe ratio,1.1627454407647924
3,Sortino ratio,1.6751006269314987
4,Adjusted sortino,1.1844750124730998
5,Skew,-0.22171342501488356
6,Kurtosis,5.855494427350109
7,Max drawdown,-0.3405019913601953
8,GPR,0.22690441981065002
9,Calmar ratio,0.9775663969318248
10,Pay-off ratio,0.9531037159546012
