,index,value
0,Annualised return,0.1262679675055463
1,Annualised volatility,0.11648737353012073
2,Sharpe ratio,1.0844577007609466
3,Sortino ratio,1.5568080638669086
4,Adjusted sortino,1.1008295389661908
5,Skew,-0.373619458453341
6,Kurtosis,5.439582624641942
7,Max drawdown,-0.19299531876358578
8,GPR,0.20528310924136908
9,Calmar ratio,0.6571440874950787
10,Pay-off ratio,0.9950677691262493
