,index,value
0,Annualised return,0.09651714410428522
1,Annualised volatility,0.08205388936698967
2,Sharpe ratio,1.1759387117010098
3,Sortino ratio,1.6803023024398003
4,Adjusted sortino,1.1881531524985518
5,Skew,-0.46918784130475844
6,Kurtosis,8.562420976875307
7,Max drawdown,-0.12391759099488897
8,GPR,0.2305930506639643
9,Calmar ratio,0.7877707850107319
10,Pay-off ratio,0.9806288372478448
