,index,value
0,Annualised return,0.09892366505055449
1,Annualised volatility,0.08627199709042374
2,Sharpe ratio,1.147126673326828
3,Sortino ratio,1.706811477679878
4,Adjusted sortino,1.2068979700744733
5,Skew,0.08595359669788534
6,Kurtosis,3.5921506519576285
7,Max drawdown,-0.18082512969870634
8,GPR,0.22048898404769487
9,Calmar ratio,0.5521945134527348
10,Pay-off ratio,0.9913457953430874
