,index,value
0,Annualised return,0.067778667283299
1,Annualised volatility,0.04788822106652624
2,Sharpe ratio,1.415660544101537
3,Sortino ratio,2.0549479692824923
4,Adjusted sortino,1.4530676440651753
5,Skew,-0.3817218706487981
6,Kurtosis,3.8808632185699627
7,Max drawdown,-0.06974785611869283
8,GPR,0.27445669055863287
9,Calmar ratio,0.9873858333324008
10,Pay-off ratio,1.0055209293622052
