,index,value
0,Annualised return,0.1080637166211936
1,Annualised volatility,0.12157845196743883
2,Sharpe ratio,0.8892099675680143
3,Sortino ratio,1.2491419186117003
4,Adjusted sortino,0.8832767213147077
5,Skew,-0.48952772845810844
6,Kurtosis,5.154101547315412
7,Max drawdown,-0.176241367023929
8,GPR,0.16513073170963213
9,Calmar ratio,0.6006644729611336
10,Pay-off ratio,0.9632056845806727
