,index,value
0,Annualised return,0.16880573574585173
1,Annualised volatility,0.20968809498687227
2,Sharpe ratio,0.8053681610776652
3,Sortino ratio,1.1928879179923186
4,Adjusted sortino,0.8434991360078706
5,Skew,0.5163186272562698
6,Kurtosis,11.492108595585119
7,Max drawdown,-0.42894573489813914
8,GPR,0.16182346065495226
9,Calmar ratio,0.36878458650098317
10,Pay-off ratio,0.9775181325590857
