,index,value
0,Annualised return,0.12932588778527443
1,Annualised volatility,0.09992003160295398
2,Sharpe ratio,1.2931654423507937
3,Sortino ratio,1.9492962337025908
4,Adjusted sortino,1.378360585392499
5,Skew,0.1533548498730701
6,Kurtosis,2.142159505525839
7,Max drawdown,-0.13726197049280686
8,GPR,0.24309899808717192
9,Calmar ratio,0.9644825118570978
10,Pay-off ratio,0.9638521217052709
