,index,value
0,Annualised return,0.17238603338893982
1,Annualised volatility,0.17085652308779276
2,Sharpe ratio,1.0093726754443573
3,Sortino ratio,1.4265445795028755
4,Adjusted sortino,1.0087193458313952
5,Skew,-0.5176352516551648
6,Kurtosis,6.314806794170606
7,Max drawdown,-0.23113833061396905
8,GPR,0.19120709967374072
9,Calmar ratio,0.7391324483512458
10,Pay-off ratio,1.0020688731606593
