,index,value
0,Annualised return,0.17083332035625662
1,Annualised volatility,0.1708735129643782
2,Sharpe ratio,1.0003206696809133
3,Sortino ratio,1.413502111619247
4,Adjusted sortino,0.9994969283474737
5,Skew,-0.5162520468474825
6,Kurtosis,6.312385453810348
7,Max drawdown,-0.2311383699700501
8,GPR,0.18938038826419185
9,Calmar ratio,0.7312787733053169
10,Pay-off ratio,1.0020620702348157
