,index,value
0,Annualised return,0.19772572140923397
1,Annualised volatility,0.174206866750594
2,Sharpe ratio,1.135613852581604
3,Sortino ratio,1.6111312681991001
4,Adjusted sortino,1.139241845125266
5,Skew,-0.5151000916541508
6,Kurtosis,4.089775434649512
7,Max drawdown,-0.23941640748623028
8,GPR,0.21296672800565186
9,Calmar ratio,0.8356052011137735
10,Pay-off ratio,0.9695505672131107
