,index,value
0,Annualised return,0.05315944569507254
1,Annualised volatility,0.14072568534035476
2,Sharpe ratio,0.37798482233445807
3,Sortino ratio,0.5432408799148248
4,Adjusted sortino,0.3841293100055196
5,Skew,0.7203805965956592
6,Kurtosis,24.38993966453036
7,Max drawdown,-0.3776846395251269
8,GPR,0.08102307635664309
9,Calmar ratio,0.1171327240221988
10,Pay-off ratio,0.9058113850817127
