,index,value
0,Annualised return,0.12457391508347655
1,Annualised volatility,0.11859569483585737
2,Sharpe ratio,1.050867220676299
3,Sortino ratio,1.5051973805952181
4,Adjusted sortino,1.0643352748431074
5,Skew,-0.29988757181478554
6,Kurtosis,2.982849290237323
7,Max drawdown,-0.1679382909220527
8,GPR,0.19586646874856392
9,Calmar ratio,0.7422163799575329
10,Pay-off ratio,0.9751793073497885
