,index,value
0,Annualised return,0.08825965837375851
1,Annualised volatility,0.117226356574991
2,Sharpe ratio,0.7533629619311445
3,Sortino ratio,1.0677817134466048
4,Adjusted sortino,0.7550356904050851
5,Skew,-0.4181287254770987
6,Kurtosis,7.4822667913898515
7,Max drawdown,-0.19299530351000316
8,GPR,0.14116893296564978
9,Calmar ratio,0.43916196033028027
10,Pay-off ratio,0.9750128901475965
