,index,value
0,Annualised return,0.16955834576718018
1,Annualised volatility,0.18147593651686833
2,Sharpe ratio,0.9348491413040977
3,Sortino ratio,1.28326993186358
4,Adjusted sortino,0.9074088709135362
5,Skew,-0.9269892933145387
6,Kurtosis,7.265664508911831
7,Max drawdown,-0.2466818914597163
8,GPR,0.17335994648637293
9,Calmar ratio,0.6700407549539236
10,Pay-off ratio,0.9213048468707818
