,index,value
0,Annualised return,0.055605741963857785
1,Annualised volatility,0.04948643523114955
2,Sharpe ratio,1.12412472739032
3,Sortino ratio,1.5933034410607048
4,Adjusted sortino,1.126635667661885
5,Skew,-0.5328683268753142
6,Kurtosis,4.2753616440104105
7,Max drawdown,-0.06974817222422247
8,GPR,0.21261930765587836
9,Calmar ratio,0.8010518047957024
10,Pay-off ratio,0.9914875409475742
