,index,value
0,Annualised return,0.13164470717468807
1,Annualised volatility,0.09998704175806764
2,Sharpe ratio,1.3154697571329126
3,Sortino ratio,1.983918761732571
4,Adjusted sortino,1.4028424097443193
5,Skew,0.15352998512779373
6,Kurtosis,2.1419146481956832
7,Max drawdown,-0.1351742512741524
8,GPR,0.24817671746491404
9,Calmar ratio,0.9987634279373301
10,Pay-off ratio,0.9455341561283712
