,index,value
0,Annualised return,0.16857034301595214
1,Annualised volatility,0.1819711048349811
2,Sharpe ratio,0.9264496630173186
3,Sortino ratio,1.2718048614150579
4,Adjusted sortino,0.8993018418526046
5,Skew,-0.9194168025355824
6,Kurtosis,7.153115656125788
7,Max drawdown,-0.2466819164328362
8,GPR,0.17159571016835418
9,Calmar ratio,0.6649509773221348
10,Pay-off ratio,0.9214022227244495
