,index,value
0,Annualised return,0.21540610959798537
1,Annualised volatility,0.16057198221315402
2,Sharpe ratio,1.3420518032337174
3,Sortino ratio,1.9546169674376892
4,Adjusted sortino,1.3821229122974752
5,Skew,-0.18461016612178527
6,Kurtosis,11.700410005192293
7,Max drawdown,-0.23092959645648015
8,GPR,0.27364475088140544
9,Calmar ratio,0.9717103254241723
10,Pay-off ratio,0.9812446179325758
